TSN|Scientific Name|Author|Rank Name|Credibility|Name Usage|Accepted TSN|Accepted Name
1146600|Abronia gadovii|(Boulenger, 1913)|Species        |Reviewed|valid||
774220|Acris blanchardi|Harper, 1947|Species        |Reviewed|valid||
774220|Acris blanchardi|Harper, 1947|Species        |Reviewed|valid||
173520|Acris crepitans|Baird, 1854|Species        |Reviewed|valid||
173520|Acris crepitans|Baird, 1854|Species        |Reviewed|valid||
173520|Acris crepitans|Baird, 1854|Species        |Reviewed|valid||
173520|Acris crepitans|Baird, 1854|Species        |Reviewed|valid||
173518|Acris gryllus|(LeConte, 1825)|Species        |Reviewed|valid||
173518|Acris gryllus|(LeConte, 1825)|Species        |Reviewed|valid||
179045|Agelaius phoeniceus|(Linnaeus, 1766)|Species        |Reviewed|valid||
179045|Agelaius phoeniceus|(Linnaeus, 1766)|Species        |Reviewed|valid||
179045|Agelaius phoeniceus|(Linnaeus, 1766)|Species        |Reviewed|valid||
179045|Agelaius phoeniceus|(Linnaeus, 1766)|Species        |Reviewed|valid||
163533|Agosia chrysogaster|Girard, 1856|Species        |Reviewed|valid||
173595|Ambystoma californiense|Gray, 1853|Species        |Reviewed|valid||
173597|Ambystoma gracile|(Baird, 1859)|Species        |Reviewed|valid||
173597|Ambystoma gracile|(Baird, 1859)|Species        |Reviewed|valid||
173597|Ambystoma gracile|(Baird, 1859)|Species        |Reviewed|valid||
173597|Ambystoma gracile|(Baird, 1859)|Species        |Reviewed|valid||
173598|Ambystoma jeffersonianum|(Green, 1827)|Species        |Reviewed|valid||
173601|Ambystoma macrodactylum|Baird, 1850|Species        |Reviewed|valid||
173590|Ambystoma maculatum|(Shaw, 1802)|Species        |Reviewed|valid||
173590|Ambystoma maculatum|(Shaw, 1802)|Species        |Reviewed|valid||
173590|Ambystoma maculatum|(Shaw, 1802)|Species        |Reviewed|valid||
173591|Ambystoma opacum|(Gravenhorst, 1807)|Species        |Reviewed|valid||
173591|Ambystoma opacum|(Gravenhorst, 1807)|Species        |Reviewed|valid||
173591|Ambystoma opacum|(Gravenhorst, 1807)|Species        |Reviewed|valid||
586245|Ambystoma ordinarium|Taylor, 1940|Species        |Reviewed|valid||
173604|Ambystoma talpoideum|(Holbrook, 1838)|Species        |Reviewed|valid||
173605|Ambystoma texanum|(Matthes, 1855)|Species        |Reviewed|valid||
173605|Ambystoma texanum|(Matthes, 1855)|Species        |Reviewed|valid||
173605|Ambystoma texanum|(Matthes, 1855)|Species        |Reviewed|valid||
173605|Ambystoma texanum|(Matthes, 1855)|Species        |Reviewed|valid||
173605|Ambystoma texanum|(Matthes, 1855)|Species        |Reviewed|valid||
173592|Ambystoma tigrinum|(Green, 1825)|Species        |Reviewed|valid||
586248|Ambystoma velasci|Dugès, 1888|Species        |Reviewed|valid||
586248|Ambystoma velasci|Dugès, 1888|Species        |Reviewed|valid||
164039|Ameiurus melas|(Rafinesque, 1820)|Species        |Reviewed|valid||
101598|Anax junius|(Drury, 1773)|Species        |Reviewed|valid||
773511|Anaxyrus americanus|(Holbrook, 1836)|Species        |Reviewed|valid||
773511|Anaxyrus americanus|(Holbrook, 1836)|Species        |Reviewed|valid||
773511|Anaxyrus americanus|(Holbrook, 1836)|Species        |Reviewed|valid||
773511|Anaxyrus americanus|(Holbrook, 1836)|Species        |Reviewed|valid||
773511|Anaxyrus americanus|(Holbrook, 1836)|Species        |Reviewed|valid||
773511|Anaxyrus americanus|(Holbrook, 1836)|Species        |Reviewed|valid||
773511|Anaxyrus americanus|(Holbrook, 1836)|Species        |Reviewed|valid||
773511|Anaxyrus americanus|(Holbrook, 1836)|Species        |Reviewed|valid||
773511|Anaxyrus americanus|(Holbrook, 1836)|Species        |Reviewed|valid||
773511|Anaxyrus americanus|(Holbrook, 1836)|Species        |Reviewed|valid||
773513|Anaxyrus boreas|(Baird and Girard, 1852)|Species        |Reviewed|valid||
773513|Anaxyrus boreas|(Baird and Girard, 1852)|Species        |Reviewed|valid||
773513|Anaxyrus boreas|(Baird and Girard, 1852)|Species        |Reviewed|valid||
773513|Anaxyrus boreas|(Baird and Girard, 1852)|Species        |Reviewed|valid||
773513|Anaxyrus boreas|(Baird and Girard, 1852)|Species        |Reviewed|valid||
773513|Anaxyrus boreas|(Baird and Girard, 1852)|Species        |Reviewed|valid||
773513|Anaxyrus boreas|(Baird and Girard, 1852)|Species        |Reviewed|valid||
773513|Anaxyrus boreas|(Baird and Girard, 1852)|Species        |Reviewed|valid||
773513|Anaxyrus boreas|(Baird and Girard, 1852)|Species        |Reviewed|valid||
776687|Anaxyrus boreas halophilus|(Baird and Girard, 1853)|Subspecies     |Reviewed|invalid|773513|Anaxyrus boreas
776687|Anaxyrus boreas halophilus|(Baird and Girard, 1853)|Subspecies     |Reviewed|invalid|773513|Anaxyrus boreas
773514|Anaxyrus californicus|(Camp, 1915)|Species        |Reviewed|valid||
773514|Anaxyrus californicus|(Camp, 1915)|Species        |Reviewed|valid||
773514|Anaxyrus californicus|(Camp, 1915)|Species        |Reviewed|valid||
773517|Anaxyrus compactilis|(Wiegmann, 1833)|Species        |Reviewed|valid||
773518|Anaxyrus debilis|(Girard, 1854)|Species        |Reviewed|valid||
773520|Anaxyrus fowleri|(Hinckley, 1882)|Species        |Reviewed|valid||
773520|Anaxyrus fowleri|(Hinckley, 1882)|Species        |Reviewed|valid||
773520|Anaxyrus fowleri|(Hinckley, 1882)|Species        |Reviewed|valid||
773527|Anaxyrus punctatus|(Baird and Girard, 1852)|Species        |Reviewed|valid||
773527|Anaxyrus punctatus|(Baird and Girard, 1852)|Species        |Reviewed|valid||
773527|Anaxyrus punctatus|(Baird and Girard, 1852)|Species        |Reviewed|valid||
773527|Anaxyrus punctatus|(Baird and Girard, 1852)|Species        |Reviewed|valid||
773527|Anaxyrus punctatus|(Baird and Girard, 1852)|Species        |Reviewed|valid||
773527|Anaxyrus punctatus|(Baird and Girard, 1852)|Species        |Reviewed|valid||
773527|Anaxyrus punctatus|(Baird and Girard, 1852)|Species        |Reviewed|valid||
773527|Anaxyrus punctatus|(Baird and Girard, 1852)|Species        |Reviewed|valid||
773527|Anaxyrus punctatus|(Baird and Girard, 1852)|Species        |Reviewed|valid||
773527|Anaxyrus punctatus|(Baird and Girard, 1852)|Species        |Reviewed|valid||
773528|Anaxyrus quercicus|(Holbrook, 1840)|Species        |Reviewed|valid||
773528|Anaxyrus quercicus|(Holbrook, 1840)|Species        |Reviewed|valid||
773531|Anaxyrus terrestris|(Bonnaterre, 1789)|Species        |Reviewed|valid||
773532|Anaxyrus woodhousii|(Girard, 1854)|Species        |Reviewed|valid||
773532|Anaxyrus woodhousii|(Girard, 1854)|Species        |Reviewed|valid||
773532|Anaxyrus woodhousii|(Girard, 1854)|Species        |Reviewed|valid||
773532|Anaxyrus woodhousii|(Girard, 1854)|Species        |Reviewed|valid||
776698|Anaxyrus woodhousii woodhousii|(Girard, 1854)|Subspecies     |Reviewed|invalid|773532|Anaxyrus woodhousii
173702|Aneides hardii|(Taylor, 1941)|Species        |Reviewed|valid||
173702|Aneides hardii|(Taylor, 1941)|Species        |Reviewed|valid||
585729|Anolis liogaster|Boulenger, 1905|Species        |Reviewed|valid||
208469|Pseudoeurycea scandens|Walker, 1955|Species        |Reviewed|invalid|1100217|Aquiloeurycea scandens
77072|Arion circumscriptus|Johnston, 1828|Species        |Reviewed|valid||
173546|Ascaphus truei|Stejneger, 1899|Species        |Reviewed|valid||
1172773|Aspidoscelis inornata|(Baird, 1859)|Species        |Reviewed|invalid|1172352|Aspidoscelis inornatus
1098579|Atlantihyla spinipollex|(Schmidt, 1936)|Species        |Reviewed|valid||
585759|Barisia imbricata|(Wiegmann, 1828)|Species        |Reviewed|valid||
585759|Barisia imbricata|(Wiegmann, 1828)|Species        |Reviewed|valid||
585759|Barisia imbricata|(Wiegmann, 1828)|Species        |Reviewed|valid||
585760|Barisia levicollis|Stejneger, 1890|Species        |Reviewed|valid||
585760|Barisia levicollis|Stejneger, 1890|Species        |Reviewed|valid||
208343|Batrachoseps major|Camp, 1915|Species        |Reviewed|valid||
179967|Blarina brevicauda|(Say, 1823)|Species        |Reviewed|valid||
179967|Blarina brevicauda|(Say, 1823)|Species        |Reviewed|valid||
|Cambarellus  montezumae|||||
163350|Carassius auratus|(Linnaeus, 1758)|Species        |Reviewed|valid||
163350|Carassius auratus|(Linnaeus, 1758)|Species        |Reviewed|valid||
179124|Cardinalis cardinalis|(Linnaeus, 1758)|Species        |Reviewed|valid||
179779|Catharus guttatus|(Pallas, 1811)|Species        |Reviewed|valid||
163905|Catostomus insignis|Baird and Girard, 1854|Species        |Reviewed|valid||
163908|Catostomus occidentalis|Ayres, 1854|Species        |Reviewed|valid||
1171661|Catostomus occidentalis|Agassiz, 1855|Species        |Reviewed|invalid|163908|Catostomus occidentalis
70329|Cipangopaludina chinensis|(Gray, 1834)|Species        |Reviewed|valid||
70329|Cipangopaludina chinensis|(Gray, 1834)|Species        |Reviewed|valid||
174038|Coleonyx brevis|Stejneger, 1893|Species        |Reviewed|valid||
208779|Holbrookia texana|(Troschel, 1852)|Species        |Reviewed|invalid|173910|Cophosaurus texanus
|Coptodon zillii|||||
|Coptodon zillii|||||
|Coptodon zillii|||||
585832|Crotalus triseriatus|(Wagler, 1830)|Species        |Reviewed|valid||
163792|Cyprinella lutrensis|(Baird and Girard, 1853)|Species        |Reviewed|valid||
163792|Cyprinella lutrensis|(Baird and Girard, 1853)|Species        |Reviewed|valid||
173633|Desmognathus fuscus|(Rafinesque, 1820)|Species        |Reviewed|valid||
173633|Desmognathus fuscus|(Rafinesque, 1820)|Species        |Reviewed|valid||
173633|Desmognathus fuscus|(Rafinesque, 1820)|Species        |Reviewed|valid||
173633|Desmognathus fuscus|(Rafinesque, 1820)|Species        |Reviewed|valid||
173633|Desmognathus fuscus|(Rafinesque, 1820)|Species        |Reviewed|valid||
173742|Dicamptodon copei|Nussbaum, 1970|Species        |Reviewed|valid||
173743|Dicamptodon ensatus|(Eschscholtz, 1833)|Species        |Reviewed|valid||
173743|Dicamptodon ensatus|(Eschscholtz, 1833)|Species        |Reviewed|valid||
173743|Dicamptodon ensatus|(Eschscholtz, 1833)|Species        |Reviewed|valid||
171918|Dormitator latifrons|(Richardson, 1844)|Species        |Reviewed|valid||
173510|Hyla arenicolor|Cope, 1866|Species        |Reviewed|invalid|1095296|Dryophytes arenicolor
173510|Hyla arenicolor|Cope, 1866|Species        |Reviewed|invalid|1095296|Dryophytes arenicolor
173510|Hyla arenicolor|Cope, 1866|Species        |Reviewed|invalid|1095296|Dryophytes arenicolor
173510|Hyla arenicolor|Cope, 1866|Species        |Reviewed|invalid|1095296|Dryophytes arenicolor
173511|Hyla avivoca|Viosca, 1928|Species        |Reviewed|invalid|1098486|Dryophytes avivoca
173511|Hyla avivoca|Viosca, 1928|Species        |Reviewed|invalid|1098486|Dryophytes avivoca
1098527|Dryophytes chrysoscelis|(Cope, 1880)|Species        |Reviewed|valid||
173502|Hyla chrysoscelis|Cope, 1880|Species        |Reviewed|invalid|1098527|Dryophytes chrysoscelis
173502|Hyla chrysoscelis|Cope, 1880|Species        |Reviewed|invalid|1098527|Dryophytes chrysoscelis
173502|Hyla chrysoscelis|Cope, 1880|Species        |Reviewed|invalid|1098527|Dryophytes chrysoscelis
173505|Hyla cinerea|(Schneider, 1799)|Species        |Reviewed|invalid|1095381|Dryophytes cinereus
173505|Hyla cinerea|(Schneider, 1799)|Species        |Reviewed|invalid|1095381|Dryophytes cinereus
173505|Hyla cinerea|(Schneider, 1799)|Species        |Reviewed|invalid|1095381|Dryophytes cinereus
173505|Hyla cinerea|(Schneider, 1799)|Species        |Reviewed|invalid|1095381|Dryophytes cinereus
1098557|Dryophytes eximius|(Baird, 1854)|Species        |Reviewed|valid||
173513|Hyla eximia|Baird, 1854|Species        |Reviewed|invalid|1098557|Dryophytes eximius
173499|Hyla femoralis|Daudin, 1800|Species        |Reviewed|invalid|1095454|Dryophytes femoralis
173499|Hyla femoralis|Daudin, 1800|Species        |Reviewed|invalid|1095454|Dryophytes femoralis
173504|Hyla squirella|Daudin, 1800|Species        |Reviewed|invalid|1098561|Dryophytes squirellus
173504|Hyla squirella|Daudin, 1800|Species        |Reviewed|invalid|1098561|Dryophytes squirellus
173503|Hyla versicolor|LeConte, 1825|Species        |Reviewed|invalid|1095495|Dryophytes versicolor
173503|Hyla versicolor|LeConte, 1825|Species        |Reviewed|invalid|1095495|Dryophytes versicolor
173503|Hyla versicolor|LeConte, 1825|Species        |Reviewed|invalid|1095495|Dryophytes versicolor
173503|Hyla versicolor|LeConte, 1825|Species        |Reviewed|invalid|1095495|Dryophytes versicolor
979797|Eisenia foetida|(Savigny, 1826)|Species        |Reviewed|invalid|976620|Eisenia fetida
|Eleutherodactylus marnocki|||||
712529|Empidonax traillii extimus|A. R. Phillips, 1948|Subspecies     |Reviewed|valid||
159699|Entosphenus tridentatus|(Richardson, 1836)|Species        |Reviewed|valid||
69445|Erpobdella punctata|(Leidy, 1870)|Species        |Reviewed|valid||
69445|Erpobdella punctata|(Leidy, 1870)|Species        |Reviewed|valid||
69445|Erpobdella punctata|(Leidy, 1870)|Species        |Reviewed|valid||
69445|Erpobdella punctata|(Leidy, 1870)|Species        |Reviewed|valid||
69445|Erpobdella punctata|(Leidy, 1870)|Species        |Reviewed|valid||
173685|Eurycea bislineata|(Green, 1818)|Species        |Reviewed|valid||
173685|Eurycea bislineata|(Green, 1818)|Species        |Reviewed|valid||
173685|Eurycea bislineata|(Green, 1818)|Species        |Reviewed|valid||
173685|Eurycea bislineata|(Green, 1818)|Species        |Reviewed|valid||
173685|Eurycea bislineata|(Green, 1818)|Species        |Reviewed|valid||
173685|Eurycea bislineata|(Green, 1818)|Species        |Reviewed|valid||
550246|Eurycea cirrigera|(Green, 1831)|Species        |Reviewed|valid||
208310|Eurycea longicauda longicauda|(Green, 1818)|Subspecies     |Reviewed|invalid|173687|Eurycea longicauda
208310|Eurycea longicauda longicauda|(Green, 1818)|Subspecies     |Reviewed|invalid|173687|Eurycea longicauda
774372|Exerodonta catracha|(Porras and Wilson, 1987)|Species        |Reviewed|valid||
774372|Exerodonta catracha|(Porras and Wilson, 1987)|Species        |Reviewed|valid||
165658|Fundulus zebrinus|Jordan and Gilbert, 1883|Species        |Reviewed|valid||
165658|Fundulus zebrinus|Jordan and Gilbert, 1883|Species        |Reviewed|valid||
165878|Gambusia affinis|(Baird and Girard, 1853)|Species        |Reviewed|valid||
165878|Gambusia affinis|(Baird and Girard, 1853)|Species        |Reviewed|valid||
165878|Gambusia affinis|(Baird and Girard, 1853)|Species        |Reviewed|valid||
165878|Gambusia affinis|(Baird and Girard, 1853)|Species        |Reviewed|valid||
165878|Gambusia affinis|(Baird and Girard, 1853)|Species        |Reviewed|valid||
165878|Gambusia affinis|(Baird and Girard, 1853)|Species        |Reviewed|valid||
173467|Gastrophryne carolinensis|(Holbrook, 1835)|Species        |Reviewed|valid||
173468|Gastrophryne olivacea|(Hallowell, 1856)|Species        |Reviewed|valid||
173468|Gastrophryne olivacea|(Hallowell, 1856)|Species        |Reviewed|valid||
173468|Gastrophryne olivacea|(Hallowell, 1856)|Species        |Reviewed|valid||
173468|Gastrophryne olivacea|(Hallowell, 1856)|Species        |Reviewed|valid||
173468|Gastrophryne olivacea|(Hallowell, 1856)|Species        |Reviewed|valid||
178944|Geothlypis trichas|(Linnaeus, 1766)|Species        |Reviewed|valid||
647314|Girardinichthys multiradiatus|(Meek, 1904)|Species        |Reviewed|valid||
637417|Gobiomorus maculatus|(Günther, 1859)|Species        |Reviewed|valid||
173715|Gyrinophilus porphyriticus|(Green, 1827)|Species        |Reviewed|valid||
|Herichthys cyanoguttatus|||||
163565|Hesperoleucus symmetricus|(Baird and Girard in Girard, 1854)|Species        |Reviewed|valid||
173927|Holbrookia maculata|Girard, 1851|Species        |Reviewed|valid||
173720|Hydromantes platycephalus|(Camp, 1916)|Species        |Reviewed|valid||
586307|Hypopachus barberi|Schmidt, 1939|Species        |Reviewed|valid||
773570|Incilius cristatus|(Wiegmann, 1833)|Species        |Reviewed|valid||
773570|Incilius cristatus|(Wiegmann, 1833)|Species        |Reviewed|valid||
773581|Incilius mazatlanensis|(Taylor, 1940)|Species        |Reviewed|valid||
773583|Incilius nebulifer|(Girard, 1854)|Species        |Reviewed|valid||
773584|Incilius occidentalis|(Camerano, 1879)|Species        |Reviewed|valid||
773594|Incilius valliceps|(Wiegmann, 1833)|Species        |Reviewed|valid||
773594|Incilius valliceps|(Wiegmann, 1833)|Species        |Reviewed|valid||
773594|Incilius valliceps|(Wiegmann, 1833)|Species        |Reviewed|valid||
1099997|Isthmura bellii|(Gray, 1850)|Species        |Reviewed|valid||
1099997|Isthmura bellii|(Gray, 1850)|Species        |Reviewed|valid||
1099997|Isthmura bellii|(Gray, 1850)|Species        |Reviewed|valid||
179417|Junco hyemalis oreganus|(J. K. Townsend, 1837)|Subspecies     |Reviewed|valid||
168132|Lepomis cyanellus|Rafinesque, 1819|Species        |Reviewed|valid||
168153|Lepomis megalotis|(Rafinesque, 1820)|Species        |Reviewed|valid||
207765|Leptodactylus melanonotus|(Hallowell, 1861)|Species        |Reviewed|valid||
207765|Leptodactylus melanonotus|(Hallowell, 1861)|Species        |Reviewed|valid||
180112|Lepus americanus|Erxleben, 1777|Species        |Reviewed|valid||
|Rana berlanderi|||||
|Rana berlanderi|||||
775079|Lithobates berlandieri|(Baird, 1859)|Species        |Reviewed|valid||
775079|Lithobates berlandieri|(Baird, 1859)|Species        |Reviewed|valid||
173448|Rana blairi|Mecham, Littlejohn, Oldham, Brown and Brown, 1973|Species        |Reviewed|invalid|775080|Lithobates blairi
173441|Rana catesbeiana|Shaw, 1802|Species        |Reviewed|invalid|775084|Lithobates catesbeianus
173441|Rana catesbeiana|Shaw, 1802|Species        |Reviewed|invalid|775084|Lithobates catesbeianus
173441|Rana catesbeiana|Shaw, 1802|Species        |Reviewed|invalid|775084|Lithobates catesbeianus
173441|Rana catesbeiana|Shaw, 1802|Species        |Reviewed|invalid|775084|Lithobates catesbeianus
775084|Lithobates catesbeianus|(Shaw, 1802)|Species        |Reviewed|valid||
775084|Lithobates catesbeianus|(Shaw, 1802)|Species        |Reviewed|valid||
775084|Lithobates catesbeianus|(Shaw, 1802)|Species        |Reviewed|valid||
775084|Lithobates catesbeianus|(Shaw, 1802)|Species        |Reviewed|valid||
775084|Lithobates catesbeianus|(Shaw, 1802)|Species        |Reviewed|valid||
775084|Lithobates catesbeianus|(Shaw, 1802)|Species        |Reviewed|valid||
775084|Lithobates catesbeianus|(Shaw, 1802)|Species        |Reviewed|valid||
775084|Lithobates catesbeianus|(Shaw, 1802)|Species        |Reviewed|valid||
775084|Lithobates catesbeianus|(Shaw, 1802)|Species        |Reviewed|valid||
775084|Lithobates catesbeianus|(Shaw, 1802)|Species        |Reviewed|valid||
775086|Lithobates chiricahuensis|(Platz and Mecham, 1979)|Species        |Reviewed|valid||
775086|Lithobates chiricahuensis|(Platz and Mecham, 1979)|Species        |Reviewed|valid||
775086|Lithobates chiricahuensis|(Platz and Mecham, 1979)|Species        |Reviewed|valid||
775087|Lithobates clamitans|(Latreille in Sonnini de Manoncourt and Latreille, 1801)|Species        |Reviewed|valid||
775087|Lithobates clamitans|(Latreille in Sonnini de Manoncourt and Latreille, 1801)|Species        |Reviewed|valid||
173438|Rana clamitans|Latreille in Sonnini de Manoncourt and Latreille, 1801|Species        |Reviewed|invalid|775087|Lithobates clamitans
173438|Rana clamitans|Latreille in Sonnini de Manoncourt and Latreille, 1801|Species        |Reviewed|invalid|775087|Lithobates clamitans
173438|Rana clamitans|Latreille in Sonnini de Manoncourt and Latreille, 1801|Species        |Reviewed|invalid|775087|Lithobates clamitans
173438|Rana clamitans|Latreille in Sonnini de Manoncourt and Latreille, 1801|Species        |Reviewed|invalid|775087|Lithobates clamitans
775087|Lithobates clamitans|(Latreille in Sonnini de Manoncourt and Latreille, 1801)|Species        |Reviewed|valid||
775090|Lithobates forreri|(Boulenger, 1883)|Species        |Reviewed|valid||
|Lithobates gryllio|||||
775102|Lithobates neovolcanicus|(Hillis and Frost, 1985)|Species        |Reviewed|valid||
173435|Rana palustris|LeConte, 1825|Species        |Reviewed|invalid|775107|Lithobates palustris
173435|Rana palustris|LeConte, 1825|Species        |Reviewed|invalid|775107|Lithobates palustris
775107|Lithobates palustris|(LeConte, 1825)|Species        |Reviewed|valid||
173435|Rana palustris|LeConte, 1825|Species        |Reviewed|invalid|775107|Lithobates palustris
173435|Rana palustris|LeConte, 1825|Species        |Reviewed|invalid|775107|Lithobates palustris
173443|Rana pipiens|Schreber, 1782|Species        |Reviewed|invalid|775108|Lithobates pipiens
173443|Rana pipiens|Schreber, 1782|Species        |Reviewed|invalid|775108|Lithobates pipiens
173443|Rana pipiens|Schreber, 1782|Species        |Reviewed|invalid|775108|Lithobates pipiens
173443|Rana pipiens|Schreber, 1782|Species        |Reviewed|invalid|775108|Lithobates pipiens
173443|Rana pipiens|Schreber, 1782|Species        |Reviewed|invalid|775108|Lithobates pipiens
173443|Rana pipiens|Schreber, 1782|Species        |Reviewed|invalid|775108|Lithobates pipiens
173443|Rana pipiens|Schreber, 1782|Species        |Reviewed|invalid|775108|Lithobates pipiens
173443|Rana pipiens|Schreber, 1782|Species        |Reviewed|invalid|775108|Lithobates pipiens
173443|Rana pipiens|Schreber, 1782|Species        |Reviewed|invalid|775108|Lithobates pipiens
173443|Rana pipiens|Schreber, 1782|Species        |Reviewed|invalid|775108|Lithobates pipiens
173443|Rana pipiens|Schreber, 1782|Species        |Reviewed|invalid|775108|Lithobates pipiens
775108|Lithobates pipiens|(Schreber, 1782)|Species        |Reviewed|valid||
775108|Lithobates pipiens|(Schreber, 1782)|Species        |Reviewed|valid||
173443|Rana pipiens|Schreber, 1782|Species        |Reviewed|invalid|775108|Lithobates pipiens
173443|Rana pipiens|Schreber, 1782|Species        |Reviewed|invalid|775108|Lithobates pipiens
775108|Lithobates pipiens|(Schreber, 1782)|Species        |Reviewed|valid||
173443|Rana pipiens|Schreber, 1782|Species        |Reviewed|invalid|775108|Lithobates pipiens
775108|Lithobates pipiens|(Schreber, 1782)|Species        |Reviewed|valid||
|Rana septenrionalis|||||
775115|Lithobates spectabilis|(Hillis and Frost, 1985)|Species        |Reviewed|valid||
775116|Lithobates sphenocephalus|(Cope, 1886)|Species        |Reviewed|valid||
775116|Lithobates sphenocephalus|(Cope, 1886)|Species        |Reviewed|valid||
775116|Lithobates sphenocephalus|(Cope, 1886)|Species        |Reviewed|valid||
173440|Rana sylvatica|LeConte, 1825|Species        |Reviewed|invalid|775117|Lithobates sylvaticus
775117|Lithobates sylvaticus|(LeConte, 1825)|Species        |Reviewed|valid||
775117|Lithobates sylvaticus|(LeConte, 1825)|Species        |Reviewed|valid||
775117|Lithobates sylvaticus|(LeConte, 1825)|Species        |Reviewed|valid||
775117|Lithobates sylvaticus|(LeConte, 1825)|Species        |Reviewed|valid||
775117|Lithobates sylvaticus|(LeConte, 1825)|Species        |Reviewed|valid||
173440|Rana sylvatica|LeConte, 1825|Species        |Reviewed|invalid|775117|Lithobates sylvaticus
173440|Rana sylvatica|LeConte, 1825|Species        |Reviewed|invalid|775117|Lithobates sylvaticus
173440|Rana sylvatica|LeConte, 1825|Species        |Reviewed|invalid|775117|Lithobates sylvaticus
173440|Rana sylvatica|LeConte, 1825|Species        |Reviewed|invalid|775117|Lithobates sylvaticus
775117|Lithobates sylvaticus|(LeConte, 1825)|Species        |Reviewed|valid||
173440|Rana sylvatica|LeConte, 1825|Species        |Reviewed|invalid|775117|Lithobates sylvaticus
775125|Lithobates yavapaiensis|(Platz and Frost, 1984)|Species        |Reviewed|valid||
168160|Micropterus salmoides|(Lacepède, 1802)|Species        |Reviewed|valid||
180305|Microtus californicus|(Peale, 1848)|Species        |Reviewed|valid||
180312|Microtus ochrogaster|(Wagner, 1842)|Species        |Reviewed|valid||
|Microtus (Mynomes) oregoni|||||
|Microtus (Pitymys) quasiater|||||
180316|Microtus townsendii|(Bachman, 1839)|Species        |Reviewed|valid||
180316|Microtus townsendii|(Bachman, 1839)|Species        |Reviewed|valid||
170336|Mugil curema|Valenciennes in Cuvier and Valenciennes, 1836|Species        |Reviewed|valid||
180366|Mus musculus|Linnaeus, 1758|Species        |Reviewed|valid||
163368|Notemigonus crysoleucas|(Mitchill, 1814)|Species        |Reviewed|valid||
776886|Notophthalmus meridionalis kallerti|(Wolterstorff, 1930)|Subspecies     |Reviewed|invalid|173617|Notophthalmus meridionalis
173615|Notophthalmus viridescens|(Rafinesque, 1820)|Species        |Reviewed|valid||
173615|Notophthalmus viridescens|(Rafinesque, 1820)|Species        |Reviewed|valid||
173615|Notophthalmus viridescens|(Rafinesque, 1820)|Species        |Reviewed|valid||
163446|Notropis heterolepis|Eigenmann and Eigenmann, 1893|Species        |Reviewed|valid||
161989|Oncorhynchus mykiss|(Walbaum, 1792)|Species        |Reviewed|valid||
161989|Oncorhynchus mykiss|(Walbaum, 1792)|Species        |Reviewed|valid||
161989|Oncorhynchus mykiss|(Walbaum, 1792)|Species        |Reviewed|valid||
161989|Oncorhynchus mykiss|(Walbaum, 1792)|Species        |Reviewed|valid||
163589|Orthodon microlepidotus|(Ayres, 1854)|Species        |Reviewed|valid||
173538|Osteopilus septentrionalis|(Duméril and Bibron, 1841)|Species        |Reviewed|valid||
173538|Osteopilus septentrionalis|(Duméril and Bibron, 1841)|Species        |Reviewed|valid||
179464|Passerella iliaca|(Merrem, 1786)|Species        |Reviewed|valid||
180278|Peromyscus leucopus|(Rafinesque, 1818)|Species        |Reviewed|valid||
180276|Peromyscus maniculatus|(Wagner, 1845)|Species        |Reviewed|valid||
180276|Peromyscus maniculatus|(Wagner, 1845)|Species        |Reviewed|valid||
568101|Planorbella subcrenata|(Carpenter, 1857)|Species        |Reviewed|valid||
1181812|Plestiodon brevirostris|(Günther, 1860)|Species        |Reviewed|valid||
208278|Plethodon albagula|Grobman, 1944|Species        |Reviewed|valid||
208281|Plethodon chattahoochee|Highton in Highton, Maha and Maxson, 1989|Species        |Reviewed|valid||
208282|Plethodon chlorobryonis|Mittleman, 1951|Species        |Reviewed|valid||
173649|Plethodon cinereus|(Green, 1818)|Species        |Reviewed|valid||
173649|Plethodon cinereus|(Green, 1818)|Species        |Reviewed|valid||
173649|Plethodon cinereus|(Green, 1818)|Species        |Reviewed|valid||
173649|Plethodon cinereus|(Green, 1818)|Species        |Reviewed|valid||
173649|Plethodon cinereus|(Green, 1818)|Species        |Reviewed|valid||
173649|Plethodon cinereus|(Green, 1818)|Species        |Reviewed|valid||
173649|Plethodon cinereus|(Green, 1818)|Species        |Reviewed|valid||
|Plethodon glutinosus|||||
|Plethodon glutinosus|||||
173650|Plethodon glutinosus|(Green, 1818)|Species        |Reviewed|valid||
|Plethodon glutinosus|||||
173650|Plethodon glutinosus|(Green, 1818)|Species        |Reviewed|valid||
|Plethodon glutinosus|||||
173659|Plethodon idahoensis|Slater and Slipp, 1940|Species        |Reviewed|valid||
173659|Plethodon idahoensis|Slater and Slipp, 1940|Species        |Reviewed|valid||
173659|Plethodon idahoensis|Slater and Slipp, 1940|Species        |Reviewed|valid||
208289|Plethodon mississippi|Highton in Highton, Maha and Maxson, 1989|Species        |Reviewed|valid||
173663|Plethodon neomexicanus|Stebbins and Riemer, 1950|Species        |Reviewed|valid||
173664|Plethodon nettingi|Green, 1938|Species        |Reviewed|valid||
173672|Plethodon vehiculum|(Cooper, 1860)|Species        |Reviewed|valid||
564582|Podarcis muralis|(Laurenti, 1768)|Species        |Reviewed|valid||
564582|Podarcis muralis|(Laurenti, 1768)|Species        |Reviewed|valid||
1155870|Podarcis siculus campestris|(De Betta, 1857)|Subspecies     |Reviewed|valid||
647520|Poecilia butleri|Jordan, 1889|Species        |Reviewed|valid||
173524|Pseudacris brimleyi|Brandt and Walker, 1933|Species        |Reviewed|valid||
173524|Pseudacris brimleyi|Brandt and Walker, 1933|Species        |Reviewed|valid||
173529|Pseudacris clarkii|(Baird, 1854)|Species        |Reviewed|valid||
173529|Pseudacris clarkii|(Baird, 1854)|Species        |Reviewed|valid||
173500|Hyla crucifer|Wied-Neuwied, 1838|Species        |Reviewed|invalid|207303|Pseudacris crucifer
173500|Hyla crucifer|Wied-Neuwied, 1838|Species        |Reviewed|invalid|207303|Pseudacris crucifer
173500|Hyla crucifer|Wied-Neuwied, 1838|Species        |Reviewed|invalid|207303|Pseudacris crucifer
173500|Hyla crucifer|Wied-Neuwied, 1838|Species        |Reviewed|invalid|207303|Pseudacris crucifer
207307|Pseudacris feriarum|(Baird, 1854)|Species        |Reviewed|valid||
|Pseudacris hypochondriacacurta|||||
207312|Pseudacris maculata|(Agassiz, 1850)|Species        |Reviewed|valid||
173514|Hyla regilla|Baird and Girard, 1852|Species        |Reviewed|invalid|207313|Pseudacris regilla
207313|Pseudacris regilla|(Baird and Girard, 1852)|Species        |Reviewed|valid||
173514|Hyla regilla|Baird and Girard, 1852|Species        |Reviewed|invalid|207313|Pseudacris regilla
173514|Hyla regilla|Baird and Girard, 1852|Species        |Reviewed|invalid|207313|Pseudacris regilla
173514|Hyla regilla|Baird and Girard, 1852|Species        |Reviewed|invalid|207313|Pseudacris regilla
207313|Pseudacris regilla|(Baird and Girard, 1852)|Species        |Reviewed|valid||
207313|Pseudacris regilla|(Baird and Girard, 1852)|Species        |Reviewed|valid||
207313|Pseudacris regilla|(Baird and Girard, 1852)|Species        |Reviewed|valid||
207313|Pseudacris regilla|(Baird and Girard, 1852)|Species        |Reviewed|valid||
207313|Pseudacris regilla|(Baird and Girard, 1852)|Species        |Reviewed|valid||
207313|Pseudacris regilla|(Baird and Girard, 1852)|Species        |Reviewed|valid||
207313|Pseudacris regilla|(Baird and Girard, 1852)|Species        |Reviewed|valid||
173514|Hyla regilla|Baird and Girard, 1852|Species        |Reviewed|invalid|207313|Pseudacris regilla
207313|Pseudacris regilla|(Baird and Girard, 1852)|Species        |Reviewed|valid||
173514|Hyla regilla|Baird and Girard, 1852|Species        |Reviewed|invalid|207313|Pseudacris regilla
207313|Pseudacris regilla|(Baird and Girard, 1852)|Species        |Reviewed|valid||
173514|Hyla regilla|Baird and Girard, 1852|Species        |Reviewed|invalid|207313|Pseudacris regilla
207313|Pseudacris regilla|(Baird and Girard, 1852)|Species        |Reviewed|valid||
207313|Pseudacris regilla|(Baird and Girard, 1852)|Species        |Reviewed|valid||
774548|Pseudacris sierra|(Jameson, Mackey and Richmond, 1966)|Species        |Reviewed|valid||
774548|Pseudacris sierra|(Jameson, Mackey and Richmond, 1966)|Species        |Reviewed|valid||
774548|Pseudacris sierra|(Jameson, Mackey and Richmond, 1966)|Species        |Reviewed|valid||
774548|Pseudacris sierra|(Jameson, Mackey and Richmond, 1966)|Species        |Reviewed|valid||
774548|Pseudacris sierra|(Jameson, Mackey and Richmond, 1966)|Species        |Reviewed|valid||
173525|Pseudacris triseriata|(Wied-Neuwied, 1838)|Species        |Reviewed|valid||
173525|Pseudacris triseriata|(Wied-Neuwied, 1838)|Species        |Reviewed|valid||
173525|Pseudacris triseriata|(Wied-Neuwied, 1838)|Species        |Reviewed|valid||
173525|Pseudacris triseriata|(Wied-Neuwied, 1838)|Species        |Reviewed|valid||
173525|Pseudacris triseriata|(Wied-Neuwied, 1838)|Species        |Reviewed|valid||
|Pseudoeurycea granitum|||||
208463|Pseudoeurycea leprosa|(Cope, 1869)|Species        |Reviewed|valid||
208463|Pseudoeurycea leprosa|(Cope, 1869)|Species        |Reviewed|valid||
173446|Rana aurora|Baird and Girard, 1852|Species        |Reviewed|valid||
173446|Rana aurora|Baird and Girard, 1852|Species        |Reviewed|valid||
173446|Rana aurora|Baird and Girard, 1852|Species        |Reviewed|valid||
173446|Rana aurora|Baird and Girard, 1852|Species        |Reviewed|valid||
173446|Rana aurora|Baird and Girard, 1852|Species        |Reviewed|valid||
775080|Lithobates blairi|(Mecham, Littlejohn, Oldham, Brown and Brown, 1973)|Species        |Reviewed|valid||
173449|Rana boylii|Baird, 1854|Species        |Reviewed|valid||
173449|Rana boylii|Baird, 1854|Species        |Reviewed|valid||
173449|Rana boylii|Baird, 1854|Species        |Reviewed|valid||
173449|Rana boylii|Baird, 1854|Species        |Reviewed|valid||
173450|Rana cascadae|Slater, 1939|Species        |Reviewed|valid||
173450|Rana cascadae|Slater, 1939|Species        |Reviewed|valid||
173450|Rana cascadae|Slater, 1939|Species        |Reviewed|valid||
173450|Rana cascadae|Slater, 1939|Species        |Reviewed|valid||
173450|Rana cascadae|Slater, 1939|Species        |Reviewed|valid||
173450|Rana cascadae|Slater, 1939|Species        |Reviewed|valid||
173450|Rana cascadae|Slater, 1939|Species        |Reviewed|valid||
207009|Rana draytonii|Baird and Girard, 1852|Species        |Reviewed|valid||
207009|Rana draytonii|Baird and Girard, 1852|Species        |Reviewed|valid||
207009|Rana draytonii|Baird and Girard, 1852|Species        |Reviewed|valid||
207009|Rana draytonii|Baird and Girard, 1852|Species        |Reviewed|valid||
173454|Rana muscosa|Camp, 1917|Species        |Reviewed|valid||
173454|Rana muscosa|Camp, 1917|Species        |Reviewed|valid||
173458|Rana pretiosa|Baird and Girard, 1853|Species        |Reviewed|valid||
173458|Rana pretiosa|Baird and Girard, 1853|Species        |Reviewed|valid||
180343|Reithrodontomys megalotis|(Baird, 1857)|Species        |Reviewed|valid||
1084494|Rhadinaea taeniata aemula|Bailey, 1940|Subspecies     |Reviewed|valid||
163387|Rhinichthys osculus|(Girard, 1856)|Species        |Reviewed|valid||
163387|Rhinichthys osculus|(Girard, 1856)|Species        |Reviewed|valid||
163387|Rhinichthys osculus|(Girard, 1856)|Species        |Reviewed|valid||
163387|Rhinichthys osculus|(Girard, 1856)|Species        |Reviewed|valid||
|Rhinichthys sp. |||||
550252|Rhyacotriton variegatus|Stebbins and Lowe, 1951|Species        |Reviewed|valid||
163529|Richardsonius egregius|(Girard, 1858)|Species        |Reviewed|valid||
162003|Salvelinus fontinalis|(Mitchill, 1814)|Species        |Reviewed|valid||
162003|Salvelinus fontinalis|(Mitchill, 1814)|Species        |Reviewed|valid||
173429|Scaphiopus couchii|Baird, 1854|Species        |Reviewed|valid||
173429|Scaphiopus couchii|Baird, 1854|Species        |Reviewed|valid||
173429|Scaphiopus couchii|Baird, 1854|Species        |Reviewed|valid||
174008|Scincella lateralis|(Say in James, 1822)|Species        |Reviewed|valid||
174008|Scincella lateralis|(Say in James, 1822)|Species        |Reviewed|valid||
913989|Siphateles bicolor|(Girard, 1856)|Species        |Reviewed|valid||
173736|Siren intermedia|Barnes, 1826|Species        |Reviewed|valid||
179929|Sorex cinereus|Kerr, 1792|Species        |Reviewed|valid||
633789|Sorex emarginatus|Jackson, 1925|Species        |Reviewed|valid||
179932|Sorex vagrans|Baird, 1857|Species        |Reviewed|valid||
179932|Sorex vagrans|Baird, 1857|Species        |Reviewed|valid||
206989|Spea bombifrons|(Cope, 1863)|Species        |Reviewed|valid||
206989|Spea bombifrons|(Cope, 1863)|Species        |Reviewed|valid||
206990|Spea hammondii|(Baird, 1859)|Species        |Reviewed|valid||
206990|Spea hammondii|(Baird, 1859)|Species        |Reviewed|valid||
206993|Spea multiplicata|(Cope, 1863)|Species        |Reviewed|valid||
179165|Spiza americana|(J. F. Gmelin, 1789)|Species        |Reviewed|valid||
179443|Spizella pusilla|(A. Wilson, 1810)|Species        |Reviewed|valid||
174129|Storeria dekayi|(Holbrook, 1839)|Species        |Reviewed|valid||
174129|Storeria dekayi|(Holbrook, 1839)|Species        |Reviewed|valid||
179034|Sturnella magna|(Linnaeus, 1758)|Species        |Reviewed|valid||
179034|Sturnella magna|(Linnaeus, 1758)|Species        |Reviewed|valid||
179039|Sturnella neglecta|Audubon, 1844|Species        |Reviewed|valid||
180123|Sylvilagus bachmani|(Waterhouse, 1839)|Species        |Reviewed|valid||
180324|Synaptomys cooperi|Baird, 1857|Species        |Reviewed|valid||
173620|Taricha granulosa|(Skilton, 1849)|Species        |Reviewed|valid||
173620|Taricha granulosa|(Skilton, 1849)|Species        |Reviewed|valid||
173622|Taricha torosa|(Rathke, 1833)|Species        |Reviewed|valid||
173622|Taricha torosa|(Rathke, 1833)|Species        |Reviewed|valid||
173622|Taricha torosa|(Rathke, 1833)|Species        |Reviewed|valid||
174143|Thamnophis eques|(Reuss, 1834)|Species        |Reviewed|valid||
586131|Thamnophis errans|H. M. Smith, 1942|Species        |Reviewed|valid||
174145|Thamnophis ordinoides|(Baird and Girard, 1852)|Species        |Reviewed|valid||
174146|Thamnophis proximus|(Say in James, 1823)|Species        |Reviewed|valid||
586137|Thamnophis scalaris|Cope, 1861|Species        |Reviewed|valid||
586138|Thamnophis scaliger|(Jan, 1863)|Species        |Reviewed|valid||
586138|Thamnophis scaliger|(Jan, 1863)|Species        |Reviewed|valid||
174136|Thamnophis sirtalis|(Linnaeus, 1758)|Species        |Reviewed|valid||
173549|Xenopus laevis|(Daudin, 1802)|Species        |Reviewed|valid||
173549|Xenopus laevis|(Daudin, 1802)|Species        |Reviewed|valid||
179455|Zonotrichia leucophrys|(J. R. Forster, 1772)|Species        |Reviewed|valid||
102195|Acrididae|MacLeay, 1819|Family         |Reviewed|valid||
102195|Acrididae|MacLeay, 1819|Family         |Reviewed|valid||
102195|Acrididae|MacLeay, 1819|Family         |Reviewed|valid||
102195|Acrididae|MacLeay, 1819|Family         |Reviewed|valid||
102195|Acrididae|MacLeay, 1819|Family         |Reviewed|valid||
173740|Dicamptodon|Strauch, 1870|Genus          |Reviewed|valid||
173740|Dicamptodon|Strauch, 1870|Genus          |Reviewed|valid||
173589|Ambystoma|Tschudi, 1838|Genus          |Reviewed|valid||
173589|Ambystoma|Tschudi, 1838|Genus          |Reviewed|valid||
173589|Ambystoma|Tschudi, 1838|Genus          |Reviewed|valid||
173589|Ambystoma|Tschudi, 1838|Genus          |Reviewed|valid||
773227|Anaxyrus|Tschudi, 1845|Genus          |Reviewed|valid||
773230|Incilius|Cope, 1863|Genus          |Reviewed|valid||
773227|Anaxyrus|Tschudi, 1845|Genus          |Reviewed|valid||
773227|Anaxyrus|Tschudi, 1845|Genus          |Reviewed|valid||
773227|Anaxyrus|Tschudi, 1845|Genus          |Reviewed|valid||
773227|Anaxyrus|Tschudi, 1845|Genus          |Reviewed|valid||
773227|Anaxyrus|Tschudi, 1845|Genus          |Reviewed|valid||
773227|Anaxyrus|Tschudi, 1845|Genus          |Reviewed|valid||
773227|Anaxyrus|Tschudi, 1845|Genus          |Reviewed|valid||
773227|Anaxyrus|Tschudi, 1845|Genus          |Reviewed|valid||
773227|Anaxyrus|Tschudi, 1845|Genus          |Reviewed|valid||
109234|Carabidae|Latreille, 1802|Family         |Reviewed|valid||
109234|Carabidae|Latreille, 1802|Family         |Reviewed|valid||
163893|Catostomus|Lesueur, 1817|Genus          |Reviewed|valid||
168093|Centrarchidae||Family         |Reviewed|valid||
168130|Lepomis|Rafinesque, 1819|Genus          |Reviewed|valid||
169774|Cichlasoma|Swainson, 1839|Genus          |Reviewed|valid||
585662|Geophis|Wagler, 1830|Genus          |Reviewed|valid||
167229|Cottus|Linnaeus, 1758|Genus          |Reviewed|valid||
167229|Cottus|Linnaeus, 1758|Genus          |Reviewed|valid||
167229|Cottus|Linnaeus, 1758|Genus          |Reviewed|valid||
167229|Cottus|Linnaeus, 1758|Genus          |Reviewed|valid||
167229|Cottus|Linnaeus, 1758|Genus          |Reviewed|valid||
180296|Microtus|Schrank, 1798|Genus          |Reviewed|valid||
180340|Reithrodontomys|Giglioli, 1874|Genus          |Reviewed|valid||
180296|Microtus|Schrank, 1798|Genus          |Reviewed|valid||
180296|Microtus|Schrank, 1798|Genus          |Reviewed|valid||
180275|Peromyscus|Gloger, 1841|Genus          |Reviewed|valid||
180296|Microtus|Schrank, 1798|Genus          |Reviewed|valid||
180275|Peromyscus|Gloger, 1841|Genus          |Reviewed|valid||
180275|Peromyscus|Gloger, 1841|Genus          |Reviewed|valid||
180296|Microtus|Schrank, 1798|Genus          |Reviewed|valid||
163564|Hesperoleucus|Snyder, 1913|Genus          |Reviewed|valid||
163564|Hesperoleucus|Snyder, 1913|Genus          |Reviewed|valid||
163564|Hesperoleucus|Snyder, 1913|Genus          |Reviewed|valid||
173883|Anolis|Daudin, 1802|Genus          |Reviewed|valid||
172171|Eleotridae||Family         |Reviewed|valid||
172171|Eleotridae||Family         |Reviewed|valid||
69444|Erpobdella|de Blainville, 1818|Genus          |Reviewed|valid||
69444|Erpobdella|de Blainville, 1818|Genus          |Reviewed|valid||
162138|Esox|Linnaeus, 1758|Genus          |Reviewed|valid||
154193|Formicidae||Family         |Reviewed|valid||
102281|Gryllidae||Family         |Reviewed|valid||
69407|Hirudinidae|Whitman, 1886|Family         |Reviewed|valid||
69407|Hirudinidae|Whitman, 1886|Family         |Reviewed|valid||
112811|Hydrophilidae|Latreille, 1802|Family         |Reviewed|valid||
173498|Hyla|Laurenti, 1768|Genus          |Reviewed|valid||
173498|Hyla|Laurenti, 1768|Genus          |Reviewed|valid||
173523|Pseudacris|Fitzinger, 1843|Genus          |Reviewed|valid||
173498|Hyla|Laurenti, 1768|Genus          |Reviewed|valid||
173498|Hyla|Laurenti, 1768|Genus          |Reviewed|valid||
173498|Hyla|Laurenti, 1768|Genus          |Reviewed|valid||
173523|Pseudacris|Fitzinger, 1843|Genus          |Reviewed|valid||
173498|Hyla|Laurenti, 1768|Genus          |Reviewed|valid||
173523|Pseudacris|Fitzinger, 1843|Genus          |Reviewed|valid||
173498|Hyla|Laurenti, 1768|Genus          |Reviewed|valid||
173498|Hyla|Laurenti, 1768|Genus          |Reviewed|valid||
173498|Hyla|Laurenti, 1768|Genus          |Reviewed|valid||
163995|Ictaluridae|Gill, 1861|Family         |Reviewed|valid||
173576|Leptodactylus|Fitzinger, 1826|Genus          |Reviewed|valid||
974504|Lumbricus|Linnaeus, 1758|Genus          |Reviewed|valid||
974504|Lumbricus|Linnaeus, 1758|Genus          |Reviewed|valid||
974504|Lumbricus|Linnaeus, 1758|Genus          |Reviewed|valid||
974504|Lumbricus|Linnaeus, 1758|Genus          |Reviewed|valid||
974504|Lumbricus|Linnaeus, 1758|Genus          |Reviewed|valid||
974504|Lumbricus|Linnaeus, 1758|Genus          |Reviewed|valid||
974504|Lumbricus|Linnaeus, 1758|Genus          |Reviewed|valid||
974504|Lumbricus|Linnaeus, 1758|Genus          |Reviewed|valid||
974504|Lumbricus|Linnaeus, 1758|Genus          |Reviewed|valid||
974504|Lumbricus|Linnaeus, 1758|Genus          |Reviewed|valid||
974504|Lumbricus|Linnaeus, 1758|Genus          |Reviewed|valid||
974504|Lumbricus|Linnaeus, 1758|Genus          |Reviewed|valid||
974504|Lumbricus|Linnaeus, 1758|Genus          |Reviewed|valid||
974504|Lumbricus|Linnaeus, 1758|Genus          |Reviewed|valid||
974504|Lumbricus|Linnaeus, 1758|Genus          |Reviewed|valid||
974504|Lumbricus|Linnaeus, 1758|Genus          |Reviewed|valid||
974504|Lumbricus|Linnaeus, 1758|Genus          |Reviewed|valid||
974504|Lumbricus|Linnaeus, 1758|Genus          |Reviewed|valid||
974504|Lumbricus|Linnaeus, 1758|Genus          |Reviewed|valid||
974504|Lumbricus|Linnaeus, 1758|Genus          |Reviewed|valid||
974504|Lumbricus|Linnaeus, 1758|Genus          |Reviewed|valid||
974504|Lumbricus|Linnaeus, 1758|Genus          |Reviewed|valid||
974504|Lumbricus|Linnaeus, 1758|Genus          |Reviewed|valid||
974504|Lumbricus|Linnaeus, 1758|Genus          |Reviewed|valid||
974504|Lumbricus|Linnaeus, 1758|Genus          |Reviewed|valid||
974504|Lumbricus|Linnaeus, 1758|Genus          |Reviewed|valid||
974504|Lumbricus|Linnaeus, 1758|Genus          |Reviewed|valid||
974504|Lumbricus|Linnaeus, 1758|Genus          |Reviewed|valid||
974504|Lumbricus|Linnaeus, 1758|Genus          |Reviewed|valid||
974504|Lumbricus|Linnaeus, 1758|Genus          |Reviewed|valid||
974504|Lumbricus|Linnaeus, 1758|Genus          |Reviewed|valid||
974504|Lumbricus|Linnaeus, 1758|Genus          |Reviewed|valid||
974504|Lumbricus|Linnaeus, 1758|Genus          |Reviewed|valid||
974504|Lumbricus|Linnaeus, 1758|Genus          |Reviewed|valid||
847731|Lycosidae|Sundevall, 1833|Family         |Reviewed|valid||
584983|Apodemus|Kaup, 1829|Genus          |Reviewed|valid||
584983|Apodemus|Kaup, 1829|Genus          |Reviewed|valid||
584983|Apodemus|Kaup, 1829|Genus          |Reviewed|valid||
1189744|Passerellidae||Family         |Reviewed|valid||
179627|Passer|Brisson, 1760|Genus          |Reviewed|valid||
1007733|Passer|Valenciennes, 1846|Genus          |Reviewed|invalid|172745|Scophthalmus
179627|Passer|Brisson, 1760|Genus          |Reviewed|valid||
1007733|Passer|Valenciennes, 1846|Genus          |Reviewed|invalid|172745|Scophthalmus
553446|Passeridae|Rafinesque, 1815|Family         |Reviewed|valid||
173864|Sceloporus|Wiegmann, 1828|Genus          |Reviewed|valid||
173648|Plethodon|Tschudi, 1838|Genus          |Reviewed|valid||
173631|Plethodontidae|Gray, 1850|Family         |Reviewed|valid||
173631|Plethodontidae|Gray, 1850|Family         |Reviewed|valid||
173631|Plethodontidae|Gray, 1850|Family         |Reviewed|valid||
173631|Plethodontidae|Gray, 1850|Family         |Reviewed|valid||
1094912|Isthmura|Dubois and Raffaelli, 2012|Genus          |Reviewed|valid||
173631|Plethodontidae|Gray, 1850|Family         |Reviewed|valid||
173631|Plethodontidae|Gray, 1850|Family         |Reviewed|valid||
173679|Pseudotriton|Tschudi, 1838|Genus          |Reviewed|valid||
173679|Pseudotriton|Tschudi, 1838|Genus          |Reviewed|valid||
173631|Plethodontidae|Gray, 1850|Family         |Reviewed|valid||
208428|Chiropterotriton|Taylor, 1944|Genus          |Reviewed|valid||
165876|Poeciliidae|Garman, 1895|Family         |Reviewed|valid||
165876|Poeciliidae|Garman, 1895|Family         |Reviewed|valid||
77572|Stenotrema|Rafinesque, 1819|Genus          |Reviewed|valid||
173434|Rana|Linnaeus, 1758|Genus          |Reviewed|valid||
173434|Rana|Linnaeus, 1758|Genus          |Reviewed|valid||
173434|Rana|Linnaeus, 1758|Genus          |Reviewed|valid||
173434|Rana|Linnaeus, 1758|Genus          |Reviewed|valid||
773285|Lithobates|Fitzinger, 1843|Genus          |Reviewed|valid||
773285|Lithobates|Fitzinger, 1843|Genus          |Reviewed|valid||
173434|Rana|Linnaeus, 1758|Genus          |Reviewed|valid||
773285|Lithobates|Fitzinger, 1843|Genus          |Reviewed|valid||
173434|Rana|Linnaeus, 1758|Genus          |Reviewed|valid||
173434|Rana|Linnaeus, 1758|Genus          |Reviewed|valid||
773285|Lithobates|Fitzinger, 1843|Genus          |Reviewed|valid||
173434|Rana|Linnaeus, 1758|Genus          |Reviewed|valid||
173434|Rana|Linnaeus, 1758|Genus          |Reviewed|valid||
773285|Lithobates|Fitzinger, 1843|Genus          |Reviewed|valid||
173614|Notophthalmus|Rafinesque, 1820|Genus          |Reviewed|valid||
173619|Taricha|Gray, 1850|Genus          |Reviewed|valid||
173619|Taricha|Gray, 1850|Genus          |Reviewed|valid||
180188|Tamias|Illiger, 1811|Genus          |Reviewed|valid||
179928|Sorex|Linnaeus, 1758|Genus          |Reviewed|valid||
179751|Turdidae||Family         |Reviewed|valid||
173423|Anura||Order          |Reviewed|valid||
173423|Anura||Order          |Reviewed|valid||
173423|Anura||Order          |Reviewed|valid||
173423|Anura||Order          |Reviewed|valid||
173423|Anura||Order          |Reviewed|valid||
173423|Anura||Order          |Reviewed|valid||
173423|Anura||Order          |Reviewed|valid||
173423|Anura||Order          |Reviewed|valid||
173423|Anura||Order          |Reviewed|valid||
173423|Anura||Order          |Reviewed|valid||
173423|Anura||Order          |Reviewed|valid||
173423|Anura||Order          |Reviewed|valid||
173423|Anura||Order          |Reviewed|valid||
173423|Anura||Order          |Reviewed|valid||
173423|Anura||Order          |Reviewed|valid||
173423|Anura||Order          |Reviewed|valid||
173423|Anura||Order          |Reviewed|valid||
173423|Anura||Order          |Reviewed|valid||
173423|Anura||Order          |Reviewed|valid||
173423|Anura||Order          |Reviewed|valid||
173423|Anura||Order          |Reviewed|valid||
173423|Anura||Order          |Reviewed|valid||
173423|Anura||Order          |Reviewed|valid||
173423|Anura||Order          |Reviewed|valid||
568835|Arhynchobdellida|Blanchard, 1894|Suborder       |Reviewed|valid||
568835|Arhynchobdellida|Blanchard, 1894|Suborder       |Reviewed|valid||
568835|Arhynchobdellida|Blanchard, 1894|Suborder       |Reviewed|valid||
568835|Arhynchobdellida|Blanchard, 1894|Suborder       |Reviewed|valid||
568835|Arhynchobdellida|Blanchard, 1894|Suborder       |Reviewed|valid||
568835|Arhynchobdellida|Blanchard, 1894|Suborder       |Reviewed|valid||
568835|Arhynchobdellida|Blanchard, 1894|Suborder       |Reviewed|valid||
568835|Arhynchobdellida|Blanchard, 1894|Suborder       |Reviewed|valid||
568835|Arhynchobdellida|Blanchard, 1894|Suborder       |Reviewed|valid||
568835|Arhynchobdellida|Blanchard, 1894|Suborder       |Reviewed|valid||
568835|Arhynchobdellida|Blanchard, 1894|Suborder       |Reviewed|valid||
568835|Arhynchobdellida|Blanchard, 1894|Suborder       |Reviewed|valid||
109216|Coleoptera|Linnaeus, 1758|Order          |Reviewed|valid||
95599|Decapoda|Latreille, 1802|Order          |Reviewed|valid||
95599|Decapoda|Latreille, 1802|Order          |Reviewed|valid||
95599|Decapoda|Latreille, 1802|Order          |Reviewed|valid||
95599|Decapoda|Latreille, 1802|Order          |Reviewed|valid||
95599|Decapoda|Latreille, 1802|Order          |Reviewed|valid||
117232|Lepidoptera||Order          |Reviewed|valid||
117232|Lepidoptera||Order          |Reviewed|valid||
998439|Opisthopora||Order          |Reviewed|valid||
998439|Opisthopora||Order          |Reviewed|valid||
998439|Opisthopora||Order          |Reviewed|valid||
998439|Opisthopora||Order          |Reviewed|valid||
998439|Opisthopora||Order          |Reviewed|valid||
998439|Opisthopora||Order          |Reviewed|valid||
998439|Opisthopora||Order          |Reviewed|valid||
998439|Opisthopora||Order          |Reviewed|valid||
998439|Opisthopora||Order          |Reviewed|valid||
998439|Opisthopora||Order          |Reviewed|valid||
998439|Opisthopora||Order          |Reviewed|valid||
998439|Opisthopora||Order          |Reviewed|valid||
998439|Opisthopora||Order          |Reviewed|valid||
998439|Opisthopora||Order          |Reviewed|valid||
998439|Opisthopora||Order          |Reviewed|valid||
998439|Opisthopora||Order          |Reviewed|valid||
998439|Opisthopora||Order          |Reviewed|valid||
998439|Opisthopora||Order          |Reviewed|valid||
998439|Opisthopora||Order          |Reviewed|valid||
998439|Opisthopora||Order          |Reviewed|valid||
998439|Opisthopora||Order          |Reviewed|valid||
998439|Opisthopora||Order          |Reviewed|valid||
998439|Opisthopora||Order          |Reviewed|valid||
998439|Opisthopora||Order          |Reviewed|valid||
998439|Opisthopora||Order          |Reviewed|valid||
998439|Opisthopora||Order          |Reviewed|valid||
998439|Opisthopora||Order          |Reviewed|valid||
998439|Opisthopora||Order          |Reviewed|valid||
998439|Opisthopora||Order          |Reviewed|valid||
998439|Opisthopora||Order          |Reviewed|valid||
102160|Orthoptera||Order          |Reviewed|valid||
178265|Passeriformes||Order          |Reviewed|valid||
178265|Passeriformes||Order          |Reviewed|valid||
178265|Passeriformes||Order          |Reviewed|valid||
180130|Rodentia|Bowdich, 1821|Order          |Reviewed|valid||
180130|Rodentia|Bowdich, 1821|Order          |Reviewed|valid||
180130|Rodentia|Bowdich, 1821|Order          |Reviewed|valid||
180130|Rodentia|Bowdich, 1821|Order          |Reviewed|valid||
180130|Rodentia|Bowdich, 1821|Order          |Reviewed|valid||
180130|Rodentia|Bowdich, 1821|Order          |Reviewed|valid||
180130|Rodentia|Bowdich, 1821|Order          |Reviewed|valid||
173861|Squamata|Oppel, 1811|Order          |Reviewed|valid||
173861|Squamata|Oppel, 1811|Order          |Reviewed|valid||
173861|Squamata|Oppel, 1811|Order          |Reviewed|valid||
173861|Squamata|Oppel, 1811|Order          |Reviewed|valid||
173861|Squamata|Oppel, 1811|Order          |Reviewed|valid||
173861|Squamata|Oppel, 1811|Order          |Reviewed|valid||
173861|Squamata|Oppel, 1811|Order          |Reviewed|valid||
173861|Squamata|Oppel, 1811|Order          |Reviewed|valid||
173861|Squamata|Oppel, 1811|Order          |Reviewed|valid||
668181|Urodela||Order          |Reviewed|invalid|173584|Caudata
161061|Actinopterygii||Superclass     |Reviewed|valid||
161061|Actinopterygii||Superclass     |Reviewed|valid||
161061|Actinopterygii||Superclass     |Reviewed|valid||
161061|Actinopterygii||Superclass     |Reviewed|valid||
161061|Actinopterygii||Superclass     |Reviewed|valid||
161061|Actinopterygii||Superclass     |Reviewed|valid||
161061|Actinopterygii||Superclass     |Reviewed|valid||
161061|Actinopterygii||Superclass     |Reviewed|valid||
161061|Actinopterygii||Superclass     |Reviewed|valid||
161061|Actinopterygii||Superclass     |Reviewed|valid||
161061|Actinopterygii||Superclass     |Reviewed|valid||
161061|Actinopterygii||Superclass     |Reviewed|valid||
161061|Actinopterygii||Superclass     |Reviewed|valid||
161061|Actinopterygii||Superclass     |Reviewed|valid||
161061|Actinopterygii||Superclass     |Reviewed|valid||
173420|Amphibia||Class          |Reviewed|valid||
82708|Arachnida||Class          |Reviewed|invalid|1117840|Arachnida
1117840|Arachnida||Subclass       |Reviewed|valid||
568832|Clitellata||Class          |Reviewed|valid||
914165|Clitellata||Subphylum      |Reviewed|invalid|568832|Clitellata
154409|Diplopoda||Class          |Reviewed|valid||
69459|Gastropoda|Cuvier, 1797|Class          |Reviewed|valid||
69459|Gastropoda|Cuvier, 1797|Class          |Reviewed|valid||
69459|Gastropoda|Cuvier, 1797|Class          |Reviewed|valid||
69459|Gastropoda|Cuvier, 1797|Class          |Reviewed|valid||
69459|Gastropoda|Cuvier, 1797|Class          |Reviewed|valid||
69459|Gastropoda|Cuvier, 1797|Class          |Reviewed|valid||
69459|Gastropoda|Cuvier, 1797|Class          |Reviewed|valid||
69459|Gastropoda|Cuvier, 1797|Class          |Reviewed|valid||
69459|Gastropoda|Cuvier, 1797|Class          |Reviewed|valid||
69459|Gastropoda|Cuvier, 1797|Class          |Reviewed|valid||
69459|Gastropoda|Cuvier, 1797|Class          |Reviewed|valid||
69459|Gastropoda|Cuvier, 1797|Class          |Reviewed|valid||
69459|Gastropoda|Cuvier, 1797|Class          |Reviewed|valid||


